[{"weight": 3.2345318844490385, "x": 37.86684, "y": -122.2588129, "cluster": 0, "name": "Gordo Taqueria"}, {"weight": 2.5777546601557164, "x": 37.8751579, "y": -122.2600721, "cluster": 1, "name": "Viengvilay Thai Cuisine"}, {"weight": 3.3022965625443494, "x": 37.868292, "y": -122.259359, "cluster": 0, "name": "Sam's Market"}, {"weight": 3.0764198041694137, "x": 37.8679766, "y": -122.2575506, "cluster": 0, "name": "La Burrita"}, {"weight": 2.178777841659773, "x": 37.8668408, "y": -122.2587734, "cluster": 0, "name": "Coffee Source"}, {"weight": 3.0523270863666805, "x": 37.8694291, "y": -122.2535688, "cluster": 2, "name": "Cafe Zeb"}, {"weight": 3.037265892492423, "x": 37.8686684, "y": -122.259748, "cluster": 0, "name": "Saigon Eats"}, {"weight": 1.0, "x": 37.8752327, "y": -122.2597386, "cluster": 1, "name": "Top Dog 2"}, {"weight": 2.850738799126625, "x": 37.8680197, "y": -122.2569545, "cluster": 0, "name": "UCafe"}, {"weight": 3.750132696043796, "x": 37.8688691, "y": -122.2578299, "cluster": 0, "name": "Tivoli Caffe"}, {"weight": 3.263994787968739, "x": 37.8727784971583, "y": -122.255591154098, "cluster": 2, "name": "The Coffee Lab"}, {"weight": 3.062664947250786, "x": 37.8684118, "y": -122.2590117, "cluster": 0, "name": "The Toaster Oven"}, {"weight": 3.0355280624300094, "x": 37.866061, "y": -122.2580606, "cluster": 0, "name": "Remy's Mexican Restaurant"}, {"weight": 3.0333604464381807, "x": 37.8667955, "y": -122.2592389, "cluster": 0, "name": "Chinese Express"}, {"weight": 2.557805819230919, "x": 37.8689097, "y": -122.2576502, "cluster": 0, "name": "Julie's Healthy Cafe"}, {"weight": 4.0, "x": 37.8759615, "y": -122.2602981, "cluster": 1, "name": "Jasmine Thai"}, {"weight": 3.4986362898733803, "x": 37.8677205, "y": -122.2595445, "cluster": 0, "name": "Cheese 'N' Stuff"}, {"weight": 3.362650873996827, "x": 37.8680781, "y": -122.2579783, "cluster": 0, "name": "Durant Square - Asian Ghetto"}, {"weight": 3.0135601080512853, "x": 37.8751965, "y": -122.2598181, "cluster": 1, "name": "ChiangLai"}, {"weight": 2.725946049882781, "x": 37.8666266, "y": -122.2563918, "cluster": 0, "name": "Crossroads"}, {"weight": 2.8258259609076157, "x": 37.868035, "y": -122.258216, "cluster": 0, "name": "Lotus House"}, {"weight": 3.0722417992552775, "x": 37.8677549, "y": -122.2589892, "cluster": 0, "name": "Smart Alec's Intelligent Food"}, {"weight": 1.5, "x": 37.8698214, "y": -122.2659885, "cluster": 3, "name": "Saturn Cafe"}, {"weight": 2.9004054785915665, "x": 37.868212, "y": -122.258034, "cluster": 0, "name": "Cal Gyro Mediterranean"}, {"weight": 2.178777841659773, "x": 37.8686641, "y": -122.2594514, "cluster": 0, "name": "Subway"}, {"weight": 3.1893037430810773, "x": 37.868511, "y": -122.258495, "cluster": 0, "name": "Cafe Milano"}, {"weight": 3.934275843041924, "x": 37.86541, "y": -122.262428, "cluster": 0, "name": "Stella Nonna Milwaukee Fish Fry"}, {"weight": 3.7746851156435466, "x": 37.8755809, "y": -122.259984, "cluster": 1, "name": "Celia's Mexican Catering"}, {"weight": 1.5, "x": 37.8701853, "y": -122.2658691, "cluster": 3, "name": "The Sunny Side Caf\u00e9"}, {"weight": 2.896936114952471, "x": 37.8668273, "y": -122.2589718, "cluster": 0, "name": "The Melt Berkeley"}, {"weight": 2.9501330240852637, "x": 37.8677974, "y": -122.2582955, "cluster": 0, "name": "Souvlaki Greek Traditional Food"}, {"weight": 3.3781263384718208, "x": 37.868041, "y": -122.25849, "cluster": 0, "name": "I.B.'s Hoagies"}, {"weight": 3.2427160243156217, "x": 37.8672496, "y": -122.2588542, "cluster": 0, "name": "Pasta-In-A-Box"}, {"weight": 3.3861683635501185, "x": 37.8652379, "y": -122.2582112, "cluster": 0, "name": "Bongo Burger"}, {"weight": 3.2247970654498395, "x": 37.8678087, "y": -122.257913, "cluster": 0, "name": "House of Curries"}, {"weight": 3.404434628079311, "x": 37.8681313, "y": -122.2565107, "cluster": 0, "name": "Babette"}, {"weight": 2.958202218167204, "x": 37.8670609, "y": -122.2583894, "cluster": 0, "name": "Berkeley Thai House"}, {"weight": 3.0548494623331477, "x": 37.8680339, "y": -122.2591966, "cluster": 0, "name": "Blondie's Pizza"}, {"weight": 3.263994787968739, "x": 37.8689927193298, "y": -122.259871959686, "cluster": 0, "name": "The Bear's Lair Brew Pub"}, {"weight": 3.4555036608467917, "x": 37.8690986, "y": -122.2596091, "cluster": 0, "name": "Dojo Dog"}, {"weight": 2.391565478190943, "x": 37.868144, "y": -122.2580885, "cluster": 0, "name": "Mandarin House"}, {"weight": 3.3278310789280896, "x": 37.8686679, "y": -122.2597479, "cluster": 0, "name": "Wing Fiesta"}, {"weight": 3.0907248553647864, "x": 37.8655821, "y": -122.2584692, "cluster": 0, "name": "Caffe Mediterraneum"}, {"weight": 3.1920314948749327, "x": 37.8680259, "y": -122.2581241, "cluster": 0, "name": "Thai Basil Cuisine"}, {"weight": 3.057834963067229, "x": 37.867209, "y": -122.258583, "cluster": 0, "name": "Fat Slice Pizza"}, {"weight": 2.4979592964565276, "x": 37.8680531, "y": -122.2580151, "cluster": 0, "name": "Sushi House"}, {"weight": 3.1435763300226904, "x": 37.8688198, "y": -122.2582208, "cluster": 0, "name": "Indian Flavors Express"}, {"weight": 3.0799960669682567, "x": 37.8651779, "y": -122.2586396, "cluster": 0, "name": "Ann's Kitchen"}, {"weight": 3.1386519976908893, "x": 37.863919, "y": -122.258941, "cluster": 0, "name": "Koryo Restaurant"}, {"weight": 2.835059710119065, "x": 37.8671581, "y": -122.2588314, "cluster": 0, "name": "Tako Sushi"}, {"weight": 4.0, "x": 37.8754914, "y": -122.2603537, "cluster": 1, "name": "Hummingbird Cafe"}, {"weight": 1.0, "x": 37.8752289, "y": -122.2601962, "cluster": 1, "name": "Northside Cafe"}, {"weight": 2.0, "x": 37.8701999, "y": -122.266645, "cluster": 3, "name": "Alborz"}, {"weight": 3.249580141623079, "x": 37.8753118, "y": -122.2602115, "cluster": 1, "name": "Vinnie's Cheesesteaks"}, {"weight": 2.8171407512532824, "x": 37.8677755, "y": -122.2597653, "cluster": 0, "name": "KoKo Express"}, {"weight": 3.0, "x": 37.8705337, "y": -122.2663047, "cluster": 3, "name": "La Cascada Taqueria"}, {"weight": 3.680425826548782, "x": 37.8654727, "y": -122.2625529, "cluster": 0, "name": "Cupkates"}, {"weight": 4.0938665704403014, "x": 37.868272, "y": -122.259354, "cluster": 0, "name": "Foley's Deli"}, {"weight": 4.5, "x": 37.8754083, "y": -122.2601952, "cluster": 1, "name": "Nefeli Caffe"}, {"weight": 3.3086236993474003, "x": 37.868429, "y": -122.260698, "cluster": 0, "name": "Musical Offering"}, {"weight": 2.746646687617189, "x": 37.863919, "y": -122.25894, "cluster": 0, "name": "Fondue Fred"}, {"weight": 2.6894681693345803, "x": 37.8705256863629, "y": -122.254925966263, "cluster": 2, "name": "Ramona's Caf\u00e9"}, {"weight": 3.319459106343257, "x": 37.8683059, "y": -122.260181, "cluster": 0, "name": "Sunrise Deli"}, {"weight": 3.029928387784452, "x": 37.868725, "y": -122.2591719, "cluster": 0, "name": "The Little Dipper Chocolate Company"}, {"weight": 3.0667570171840777, "x": 37.8681116, "y": -122.2579199, "cluster": 0, "name": "Sweetheart Cafe"}, {"weight": 3.561897479112377, "x": 37.865831, "y": -122.25802, "cluster": 0, "name": "La Fiesta Mexican Restaurant"}, {"weight": 3.008649624131335, "x": 37.867768, "y": -122.2581978, "cluster": 0, "name": "Peking Express"}, {"weight": 2.9753674553405625, "x": 37.8678782, "y": -122.2598048, "cluster": 0, "name": "T-Toust"}, {"weight": 3.0, "x": 37.8752015, "y": -122.2597581, "cluster": 1, "name": "T C Garden Restaurant"}, {"weight": 3.136322206050037, "x": 37.8664181, "y": -122.2588162, "cluster": 0, "name": "Thai Noodle II"}, {"weight": 2.2497070538368296, "x": 37.867417, "y": -122.260408, "cluster": 0, "name": "Cafe 3"}, {"weight": 3.4384481632622323, "x": 37.8639919, "y": -122.2585639, "cluster": 0, "name": "Pasta Bene"}, {"weight": 3.4892993442958598, "x": 37.8705286, "y": -122.2663412, "cluster": 3, "name": "Top Dog"}, {"weight": 3.5352990245459806, "x": 37.8756879, "y": -122.26004, "cluster": 1, "name": "The Stuffed Inn"}, {"weight": 3.1291226243628922, "x": 37.8724079738015, "y": -122.260690033436, "cluster": 1, "name": "Free Speech Movement Cafe"}, {"weight": 3.5, "x": 37.87524, "y": -122.2598373, "cluster": 1, "name": "Gomnaru Restaurant"}, {"weight": 4.0, "x": 37.8704977, "y": -122.2666688, "cluster": 3, "name": "Cafe Rio"}, {"weight": 2.7138308117780046, "x": 37.8673999, "y": -122.2590685, "cluster": 0, "name": "Naan N Curry"}, {"weight": 2.5906248801071983, "x": 37.8680415, "y": -122.2582906, "cluster": 0, "name": "Chang Luong Restaurant"}, {"weight": 2.957956098957733, "x": 37.8695199, "y": -122.2519943, "cluster": 2, "name": "International House Cafe"}, {"weight": 2.666937713701868, "x": 37.8670297, "y": -122.2561597, "cluster": 0, "name": "Peets Coffee & Tea"}, {"weight": 1.5, "x": 37.8752481, "y": -122.2601606, "cluster": 1, "name": "Zach's Snacks"}, {"weight": 2.8606654950892034, "x": 37.8683664, "y": -122.2590498, "cluster": 0, "name": "Chipotle Mexican Grill"}, {"weight": 3.265456687761701, "x": 37.8678828, "y": -122.2585448, "cluster": 0, "name": "D'Yar"}, {"weight": 3.0426175587702557, "x": 37.8680114, "y": -122.2583343, "cluster": 0, "name": "Cafe Durant"}, {"weight": 3.021664790249261, "x": 37.8644503, "y": -122.2582558, "cluster": 0, "name": "Pho K & K"}, {"weight": 2.768035912053781, "x": 37.8733141647778, "y": -122.264895737171, "cluster": 3, "name": "Pat Brown's Grill"}, {"weight": 2.632997604255155, "x": 37.8674301, "y": -122.2588366, "cluster": 0, "name": "Pappy's Grill & Sports Bar"}, {"weight": 2.72256846835054, "x": 37.8698057886903, "y": -122.259603738785, "cluster": 0, "name": "Golden Bear Cafe"}, {"weight": 2.7745832239470483, "x": 37.8755024, "y": -122.2602129, "cluster": 1, "name": "Hummingbird Express"}, {"weight": 2.8094496318605895, "x": 37.8756137, "y": -122.2602704, "cluster": 1, "name": "The Pho Bar"}, {"weight": 3.3112161538838754, "x": 37.8679211, "y": -122.2591694, "cluster": 0, "name": "Crepes A-Go Go"}, {"weight": 2.9559152968170888, "x": 37.868961, "y": -122.254269, "cluster": 2, "name": "Freehouse"}, {"weight": 4.0, "x": 37.8703067, "y": -122.2658652, "cluster": 3, "name": "Suya African Caribbean Grill"}, {"weight": 3.501836452672127, "x": 37.8684351, "y": -122.2606426, "cluster": 0, "name": "Cafe Espresso Experience"}, {"weight": 3.2959129334484145, "x": 37.8670856, "y": -122.258741, "cluster": 0, "name": "Turkish Kitchen Express"}, {"weight": 3.306099575622779, "x": 37.8677609, "y": -122.2582175, "cluster": 0, "name": "Manhattan Roast & Grill"}, {"weight": 3.303512491895956, "x": 37.8687725, "y": -122.2589321, "cluster": 0, "name": "Desi Dog by Brazil Cafe"}, {"weight": 2.6043531147221124, "x": 37.8711657, "y": -122.2527946, "cluster": 2, "name": "Jimmie Beans Fifo Cafe"}, {"weight": 2.571616555255779, "x": 37.8686878, "y": -122.2522884, "cluster": 2, "name": "Quickly"}, {"weight": 3.1300637461520613, "x": 37.868755, "y": -122.258869, "cluster": 0, "name": "San Francisco Soup Company"}, {"weight": 3.6948897519443578, "x": 37.8678328, "y": -122.2599315, "cluster": 0, "name": "Planet Kebob & Cafe"}, {"weight": 4.0, "x": 37.8755322, "y": -122.2603641, "cluster": 1, "name": "La Val's Pizza"}, {"weight": 3.5, "x": 37.8705095, "y": -122.2664781, "cluster": 3, "name": "C U Sushi"}, {"weight": 3.209979464849288, "x": 37.865614, "y": -122.258338, "cluster": 0, "name": "Mediterraneam Caffe"}, {"weight": 3.5512580972858183, "x": 37.8679837, "y": -122.2648949, "cluster": 3, "name": "Berkeley Floor Cafe"}, {"weight": 5.0, "x": 37.8752855, "y": -122.2602072, "cluster": 1, "name": "Urbann Turbann"}, {"weight": 2.797941866754229, "x": 37.86788, "y": -122.2595134, "cluster": 0, "name": "Sun Hong Kong Restaurant"}, {"weight": 3.040001175312555, "x": 37.8680398922584, "y": -122.256618440151, "cluster": 0, "name": "Henry's"}, {"weight": 3.2520693270202887, "x": 37.8647594, "y": -122.2584731, "cluster": 0, "name": "Racha Cafe"}, {"weight": 3.039385616074726, "x": 37.8689555, "y": -122.2567822, "cluster": 0, "name": "Le Petit Cheval"}, {"weight": 3.5681559390103526, "x": 37.869201, "y": -122.256421, "cluster": 2, "name": "Taco Truck"}, {"weight": 3.484966564366492, "x": 37.8650499, "y": -122.2584562, "cluster": 0, "name": "Happy Valley"}, {"weight": 5.0, "x": 37.8702006, "y": -122.2659014, "cluster": 3, "name": "Cinnaholic"}, {"weight": 4.5, "x": 37.869348, "y": -122.26602, "cluster": 3, "name": "Gather"}, {"weight": 3.3691086806010535, "x": 37.8652343, "y": -122.2593812, "cluster": 0, "name": "Joshu-Ya Brasserie"}]